log_id,log_start,log_end,pull_id,pull_start,pull_end,boss_id,boss_name,kill,player_name
kKrTnBRXgtW3aJHw,1536286264562,1536296297480,2,445259,591173,2134,Vectis,False,Brian
kKrTnBRXgtW3aJHw,1536286264562,1536296297480,2,445259,591173,2134,Vectis,False,Velryssa
kKrTnBRXgtW3aJHw,1536286264562,1536296297480,2,445259,591173,2134,Vectis,False,Katanescence
kKrTnBRXgtW3aJHw,1536286264562,1536296297480,2,445259,591173,2134,Vectis,False,Sumi
kKrTnBRXgtW3aJHw,1536286264562,1536296297480,2,445259,591173,2134,Vectis,False,Vaelyra
kKrTnBRXgtW3aJHw,1536286264562,1536296297480,2,445259,591173,2134,Vectis,False,Shadowbaine
kKrTnBRXgtW3aJHw,1536286264562,1536296297480,2,445259,591173,2134,Vectis,False,Ayriea
kKrTnBRXgtW3aJHw,1536286264562,1536296297480,2,445259,591173,2134,Vectis,False,Uuglei
kKrTnBRXgtW3aJHw,1536286264562,1536296297480,2,445259,591173,2134,Vectis,False,Mythrose
kKrTnBRXgtW3aJHw,1536286264562,1536296297480,2,445259,591173,2134,Vectis,False,Cagliostro
kKrTnBRXgtW3aJHw,1536286264562,1536296297480,2,445259,591173,2134,Vectis,False,Psychodruid
kKrTnBRXgtW3aJHw,1536286264562,1536296297480,2,445259,591173,2134,Vectis,False,Liavre
kKrTnBRXgtW3aJHw,1536286264562,1536296297480,2,445259,591173,2134,Vectis,False,Earrl
kKrTnBRXgtW3aJHw,1536286264562,1536296297480,2,445259,591173,2134,Vectis,False,Draigo
kKrTnBRXgtW3aJHw,1536286264562,1536296297480,2,445259,591173,2134,Vectis,False,Metonymy
kKrTnBRXgtW3aJHw,1536286264562,1536296297480,2,445259,591173,2134,Vectis,False,Tawn
kKrTnBRXgtW3aJHw,1536286264562,1536296297480,2,445259,591173,2134,Vectis,False,Illestra
kKrTnBRXgtW3aJHw,1536286264562,1536296297480,2,445259,591173,2134,Vectis,False,Petrol
kKrTnBRXgtW3aJHw,1536286264562,1536296297480,2,445259,591173,2134,Vectis,False,Toy
kKrTnBRXgtW3aJHw,1536286264562,1536296297480,2,445259,591173,2134,Vectis,False,Stradlock
kKrTnBRXgtW3aJHw,1536286264562,1536296297480,2,445259,591173,2134,Vectis,False,Acturus
kKrTnBRXgtW3aJHw,1536286264562,1536296297480,2,445259,591173,2134,Vectis,False,Jampers
kKrTnBRXgtW3aJHw,1536286264562,1536296297480,2,445259,591173,2134,Vectis,False,Dough
kKrTnBRXgtW3aJHw,1536286264562,1536296297480,3,865672,1179329,2134,Vectis,True,Brian
kKrTnBRXgtW3aJHw,1536286264562,1536296297480,3,865672,1179329,2134,Vectis,True,Velryssa
kKrTnBRXgtW3aJHw,1536286264562,1536296297480,3,865672,1179329,2134,Vectis,True,Katanescence
kKrTnBRXgtW3aJHw,1536286264562,1536296297480,3,865672,1179329,2134,Vectis,True,Sumi
kKrTnBRXgtW3aJHw,1536286264562,1536296297480,3,865672,1179329,2134,Vectis,True,Vaelyra
kKrTnBRXgtW3aJHw,1536286264562,1536296297480,3,865672,1179329,2134,Vectis,True,Shadowbaine
kKrTnBRXgtW3aJHw,1536286264562,1536296297480,3,865672,1179329,2134,Vectis,True,Ayriea
kKrTnBRXgtW3aJHw,1536286264562,1536296297480,3,865672,1179329,2134,Vectis,True,Uuglei
kKrTnBRXgtW3aJHw,1536286264562,1536296297480,3,865672,1179329,2134,Vectis,True,Mythrose
kKrTnBRXgtW3aJHw,1536286264562,1536296297480,3,865672,1179329,2134,Vectis,True,Cagliostro
kKrTnBRXgtW3aJHw,1536286264562,1536296297480,3,865672,1179329,2134,Vectis,True,Psychodruid
kKrTnBRXgtW3aJHw,1536286264562,1536296297480,3,865672,1179329,2134,Vectis,True,Liavre
kKrTnBRXgtW3aJHw,1536286264562,1536296297480,3,865672,1179329,2134,Vectis,True,Earrl
kKrTnBRXgtW3aJHw,1536286264562,1536296297480,3,865672,1179329,2134,Vectis,True,Draigo
kKrTnBRXgtW3aJHw,1536286264562,1536296297480,3,865672,1179329,2134,Vectis,True,Metonymy
kKrTnBRXgtW3aJHw,1536286264562,1536296297480,3,865672,1179329,2134,Vectis,True,Tawn
kKrTnBRXgtW3aJHw,1536286264562,1536296297480,3,865672,1179329,2134,Vectis,True,Illestra
kKrTnBRXgtW3aJHw,1536286264562,1536296297480,3,865672,1179329,2134,Vectis,True,Petrol
kKrTnBRXgtW3aJHw,1536286264562,1536296297480,3,865672,1179329,2134,Vectis,True,Toy
kKrTnBRXgtW3aJHw,1536286264562,1536296297480,3,865672,1179329,2134,Vectis,True,Stradlock
kKrTnBRXgtW3aJHw,1536286264562,1536296297480,3,865672,1179329,2134,Vectis,True,Acturus
kKrTnBRXgtW3aJHw,1536286264562,1536296297480,3,865672,1179329,2134,Vectis,True,Jampers
kKrTnBRXgtW3aJHw,1536286264562,1536296297480,3,865672,1179329,2134,Vectis,True,Dough
kKrTnBRXgtW3aJHw,1536286264562,1536296297480,4,1900004,2002922,2136,Zek'voz,False,Brian
kKrTnBRXgtW3aJHw,1536286264562,1536296297480,4,1900004,2002922,2136,Zek'voz,False,Velryssa
kKrTnBRXgtW3aJHw,1536286264562,1536296297480,4,1900004,2002922,2136,Zek'voz,False,Katanescence
kKrTnBRXgtW3aJHw,1536286264562,1536296297480,4,1900004,2002922,2136,Zek'voz,False,Sumi
kKrTnBRXgtW3aJHw,1536286264562,1536296297480,4,1900004,2002922,2136,Zek'voz,False,Vaelyra
kKrTnBRXgtW3aJHw,1536286264562,1536296297480,4,1900004,2002922,2136,Zek'voz,False,Shadowbaine
kKrTnBRXgtW3aJHw,1536286264562,1536296297480,4,1900004,2002922,2136,Zek'voz,False,Ayriea
kKrTnBRXgtW3aJHw,1536286264562,1536296297480,4,1900004,2002922,2136,Zek'voz,False,Uuglei
kKrTnBRXgtW3aJHw,1536286264562,1536296297480,4,1900004,2002922,2136,Zek'voz,False,Mythrose
kKrTnBRXgtW3aJHw,1536286264562,1536296297480,4,1900004,2002922,2136,Zek'voz,False,Cagliostro
kKrTnBRXgtW3aJHw,1536286264562,1536296297480,4,1900004,2002922,2136,Zek'voz,False,Psychodruid
kKrTnBRXgtW3aJHw,1536286264562,1536296297480,4,1900004,2002922,2136,Zek'voz,False,Liavre
kKrTnBRXgtW3aJHw,1536286264562,1536296297480,4,1900004,2002922,2136,Zek'voz,False,Earrl
kKrTnBRXgtW3aJHw,1536286264562,1536296297480,4,1900004,2002922,2136,Zek'voz,False,Draigo
kKrTnBRXgtW3aJHw,1536286264562,1536296297480,4,1900004,2002922,2136,Zek'voz,False,Metonymy
kKrTnBRXgtW3aJHw,1536286264562,1536296297480,4,1900004,2002922,2136,Zek'voz,False,Tawn
kKrTnBRXgtW3aJHw,1536286264562,1536296297480,4,1900004,2002922,2136,Zek'voz,False,Illestra
kKrTnBRXgtW3aJHw,1536286264562,1536296297480,4,1900004,2002922,2136,Zek'voz,False,Petrol
kKrTnBRXgtW3aJHw,1536286264562,1536296297480,4,1900004,2002922,2136,Zek'voz,False,Toy
kKrTnBRXgtW3aJHw,1536286264562,1536296297480,4,1900004,2002922,2136,Zek'voz,False,Stradlock
kKrTnBRXgtW3aJHw,1536286264562,1536296297480,4,1900004,2002922,2136,Zek'voz,False,Acturus
kKrTnBRXgtW3aJHw,1536286264562,1536296297480,4,1900004,2002922,2136,Zek'voz,False,Jampers
kKrTnBRXgtW3aJHw,1536286264562,1536296297480,4,1900004,2002922,2136,Zek'voz,False,Dough
kKrTnBRXgtW3aJHw,1536286264562,1536296297480,5,2138881,2412050,2136,Zek'voz,False,Brian
kKrTnBRXgtW3aJHw,1536286264562,1536296297480,5,2138881,2412050,2136,Zek'voz,False,Velryssa
kKrTnBRXgtW3aJHw,1536286264562,1536296297480,5,2138881,2412050,2136,Zek'voz,False,Katanescence
kKrTnBRXgtW3aJHw,1536286264562,1536296297480,5,2138881,2412050,2136,Zek'voz,False,Sumi
kKrTnBRXgtW3aJHw,1536286264562,1536296297480,5,2138881,2412050,2136,Zek'voz,False,Vaelyra
kKrTnBRXgtW3aJHw,1536286264562,1536296297480,5,2138881,2412050,2136,Zek'voz,False,Shadowbaine
kKrTnBRXgtW3aJHw,1536286264562,1536296297480,5,2138881,2412050,2136,Zek'voz,False,Ayriea
kKrTnBRXgtW3aJHw,1536286264562,1536296297480,5,2138881,2412050,2136,Zek'voz,False,Uuglei
kKrTnBRXgtW3aJHw,1536286264562,1536296297480,5,2138881,2412050,2136,Zek'voz,False,Mythrose
kKrTnBRXgtW3aJHw,1536286264562,1536296297480,5,2138881,2412050,2136,Zek'voz,False,Cagliostro
kKrTnBRXgtW3aJHw,1536286264562,1536296297480,5,2138881,2412050,2136,Zek'voz,False,Psychodruid
kKrTnBRXgtW3aJHw,1536286264562,1536296297480,5,2138881,2412050,2136,Zek'voz,False,Liavre
kKrTnBRXgtW3aJHw,1536286264562,1536296297480,5,2138881,2412050,2136,Zek'voz,False,Earrl
kKrTnBRXgtW3aJHw,1536286264562,1536296297480,5,2138881,2412050,2136,Zek'voz,False,Draigo
kKrTnBRXgtW3aJHw,1536286264562,1536296297480,5,2138881,2412050,2136,Zek'voz,False,Metonymy
kKrTnBRXgtW3aJHw,1536286264562,1536296297480,5,2138881,2412050,2136,Zek'voz,False,Tawn
kKrTnBRXgtW3aJHw,1536286264562,1536296297480,5,2138881,2412050,2136,Zek'voz,False,Illestra
kKrTnBRXgtW3aJHw,1536286264562,1536296297480,5,2138881,2412050,2136,Zek'voz,False,Petrol
kKrTnBRXgtW3aJHw,1536286264562,1536296297480,5,2138881,2412050,2136,Zek'voz,False,Toy
kKrTnBRXgtW3aJHw,1536286264562,1536296297480,5,2138881,2412050,2136,Zek'voz,False,Stradlock
kKrTnBRXgtW3aJHw,1536286264562,1536296297480,5,2138881,2412050,2136,Zek'voz,False,Acturus
kKrTnBRXgtW3aJHw,1536286264562,1536296297480,5,2138881,2412050,2136,Zek'voz,False,Jampers
kKrTnBRXgtW3aJHw,1536286264562,1536296297480,5,2138881,2412050,2136,Zek'voz,False,Dough
kKrTnBRXgtW3aJHw,1536286264562,1536296297480,6,2576521,2935141,2136,Zek'voz,False,Brian
kKrTnBRXgtW3aJHw,1536286264562,1536296297480,6,2576521,2935141,2136,Zek'voz,False,Velryssa
kKrTnBRXgtW3aJHw,1536286264562,1536296297480,6,2576521,2935141,2136,Zek'voz,False,Katanescence
kKrTnBRXgtW3aJHw,1536286264562,1536296297480,6,2576521,2935141,2136,Zek'voz,False,Sumi
kKrTnBRXgtW3aJHw,1536286264562,1536296297480,6,2576521,2935141,2136,Zek'voz,False,Vaelyra
kKrTnBRXgtW3aJHw,1536286264562,1536296297480,6,2576521,2935141,2136,Zek'voz,False,Shadowbaine
kKrTnBRXgtW3aJHw,1536286264562,1536296297480,6,2576521,2935141,2136,Zek'voz,False,Ayriea
kKrTnBRXgtW3aJHw,1536286264562,1536296297480,6,2576521,2935141,2136,Zek'voz,False,Uuglei
kKrTnBRXgtW3aJHw,1536286264562,1536296297480,6,2576521,2935141,2136,Zek'voz,False,Mythrose
kKrTnBRXgtW3aJHw,1536286264562,1536296297480,6,2576521,2935141,2136,Zek'voz,False,Cagliostro
kKrTnBRXgtW3aJHw,1536286264562,1536296297480,6,2576521,2935141,2136,Zek'voz,False,Psychodruid
kKrTnBRXgtW3aJHw,1536286264562,1536296297480,6,2576521,2935141,2136,Zek'voz,False,Liavre
kKrTnBRXgtW3aJHw,1536286264562,1536296297480,6,2576521,2935141,2136,Zek'voz,False,Earrl
kKrTnBRXgtW3aJHw,1536286264562,1536296297480,6,2576521,2935141,2136,Zek'voz,False,Draigo
kKrTnBRXgtW3aJHw,1536286264562,1536296297480,6,2576521,2935141,2136,Zek'voz,False,Metonymy
kKrTnBRXgtW3aJHw,1536286264562,1536296297480,6,2576521,2935141,2136,Zek'voz,False,Tawn
kKrTnBRXgtW3aJHw,1536286264562,1536296297480,6,2576521,2935141,2136,Zek'voz,False,Illestra
kKrTnBRXgtW3aJHw,1536286264562,1536296297480,6,2576521,2935141,2136,Zek'voz,False,Petrol
kKrTnBRXgtW3aJHw,1536286264562,1536296297480,6,2576521,2935141,2136,Zek'voz,False,Toy
kKrTnBRXgtW3aJHw,1536286264562,1536296297480,6,2576521,2935141,2136,Zek'voz,False,Stradlock
kKrTnBRXgtW3aJHw,1536286264562,1536296297480,6,2576521,2935141,2136,Zek'voz,False,Acturus
kKrTnBRXgtW3aJHw,1536286264562,1536296297480,6,2576521,2935141,2136,Zek'voz,False,Jampers
kKrTnBRXgtW3aJHw,1536286264562,1536296297480,6,2576521,2935141,2136,Zek'voz,False,Dough
kKrTnBRXgtW3aJHw,1536286264562,1536296297480,7,3178724,3664185,2136,Zek'voz,True,Brian
kKrTnBRXgtW3aJHw,1536286264562,1536296297480,7,3178724,3664185,2136,Zek'voz,True,Velryssa
kKrTnBRXgtW3aJHw,1536286264562,1536296297480,7,3178724,3664185,2136,Zek'voz,True,Katanescence
kKrTnBRXgtW3aJHw,1536286264562,1536296297480,7,3178724,3664185,2136,Zek'voz,True,Sumi
kKrTnBRXgtW3aJHw,1536286264562,1536296297480,7,3178724,3664185,2136,Zek'voz,True,Vaelyra
kKrTnBRXgtW3aJHw,1536286264562,1536296297480,7,3178724,3664185,2136,Zek'voz,True,Shadowbaine
kKrTnBRXgtW3aJHw,1536286264562,1536296297480,7,3178724,3664185,2136,Zek'voz,True,Ayriea
kKrTnBRXgtW3aJHw,1536286264562,1536296297480,7,3178724,3664185,2136,Zek'voz,True,Uuglei
kKrTnBRXgtW3aJHw,1536286264562,1536296297480,7,3178724,3664185,2136,Zek'voz,True,Mythrose
kKrTnBRXgtW3aJHw,1536286264562,1536296297480,7,3178724,3664185,2136,Zek'voz,True,Cagliostro
kKrTnBRXgtW3aJHw,1536286264562,1536296297480,7,3178724,3664185,2136,Zek'voz,True,Psychodruid
kKrTnBRXgtW3aJHw,1536286264562,1536296297480,7,3178724,3664185,2136,Zek'voz,True,Liavre
kKrTnBRXgtW3aJHw,1536286264562,1536296297480,7,3178724,3664185,2136,Zek'voz,True,Earrl
kKrTnBRXgtW3aJHw,1536286264562,1536296297480,7,3178724,3664185,2136,Zek'voz,True,Draigo
kKrTnBRXgtW3aJHw,1536286264562,1536296297480,7,3178724,3664185,2136,Zek'voz,True,Metonymy
kKrTnBRXgtW3aJHw,1536286264562,1536296297480,7,3178724,3664185,2136,Zek'voz,True,Tawn
kKrTnBRXgtW3aJHw,1536286264562,1536296297480,7,3178724,3664185,2136,Zek'voz,True,Illestra
kKrTnBRXgtW3aJHw,1536286264562,1536296297480,7,3178724,3664185,2136,Zek'voz,True,Petrol
kKrTnBRXgtW3aJHw,1536286264562,1536296297480,7,3178724,3664185,2136,Zek'voz,True,Toy
kKrTnBRXgtW3aJHw,1536286264562,1536296297480,7,3178724,3664185,2136,Zek'voz,True,Stradlock
kKrTnBRXgtW3aJHw,1536286264562,1536296297480,7,3178724,3664185,2136,Zek'voz,True,Acturus
kKrTnBRXgtW3aJHw,1536286264562,1536296297480,7,3178724,3664185,2136,Zek'voz,True,Jampers
kKrTnBRXgtW3aJHw,1536286264562,1536296297480,7,3178724,3664185,2136,Zek'voz,True,Dough
kKrTnBRXgtW3aJHw,1536286264562,1536296297480,8,5559247,5716286,2145,Zul,False,Brian
kKrTnBRXgtW3aJHw,1536286264562,1536296297480,8,5559247,5716286,2145,Zul,False,Velryssa
kKrTnBRXgtW3aJHw,1536286264562,1536296297480,8,5559247,5716286,2145,Zul,False,Katanescence
kKrTnBRXgtW3aJHw,1536286264562,1536296297480,8,5559247,5716286,2145,Zul,False,Sumi
kKrTnBRXgtW3aJHw,1536286264562,1536296297480,8,5559247,5716286,2145,Zul,False,Vaelyra
kKrTnBRXgtW3aJHw,1536286264562,1536296297480,8,5559247,5716286,2145,Zul,False,Shadowbaine
kKrTnBRXgtW3aJHw,1536286264562,1536296297480,8,5559247,5716286,2145,Zul,False,Ayriea
kKrTnBRXgtW3aJHw,1536286264562,1536296297480,8,5559247,5716286,2145,Zul,False,Uuglei
kKrTnBRXgtW3aJHw,1536286264562,1536296297480,8,5559247,5716286,2145,Zul,False,Mythrose
kKrTnBRXgtW3aJHw,1536286264562,1536296297480,8,5559247,5716286,2145,Zul,False,Cagliostro
kKrTnBRXgtW3aJHw,1536286264562,1536296297480,8,5559247,5716286,2145,Zul,False,Psychodruid
kKrTnBRXgtW3aJHw,1536286264562,1536296297480,8,5559247,5716286,2145,Zul,False,Liavre
kKrTnBRXgtW3aJHw,1536286264562,1536296297480,8,5559247,5716286,2145,Zul,False,Earrl
kKrTnBRXgtW3aJHw,1536286264562,1536296297480,8,5559247,5716286,2145,Zul,False,Draigo
kKrTnBRXgtW3aJHw,1536286264562,1536296297480,8,5559247,5716286,2145,Zul,False,Metonymy
kKrTnBRXgtW3aJHw,1536286264562,1536296297480,8,5559247,5716286,2145,Zul,False,Tawn
kKrTnBRXgtW3aJHw,1536286264562,1536296297480,8,5559247,5716286,2145,Zul,False,Illestra
kKrTnBRXgtW3aJHw,1536286264562,1536296297480,8,5559247,5716286,2145,Zul,False,Petrol
kKrTnBRXgtW3aJHw,1536286264562,1536296297480,8,5559247,5716286,2145,Zul,False,Toy
kKrTnBRXgtW3aJHw,1536286264562,1536296297480,8,5559247,5716286,2145,Zul,False,Stradlock
kKrTnBRXgtW3aJHw,1536286264562,1536296297480,8,5559247,5716286,2145,Zul,False,Acturus
kKrTnBRXgtW3aJHw,1536286264562,1536296297480,8,5559247,5716286,2145,Zul,False,Jampers
kKrTnBRXgtW3aJHw,1536286264562,1536296297480,8,5559247,5716286,2145,Zul,False,Dough
kKrTnBRXgtW3aJHw,1536286264562,1536296297480,9,5896734,6102181,2145,Zul,False,Brian
kKrTnBRXgtW3aJHw,1536286264562,1536296297480,9,5896734,6102181,2145,Zul,False,Velryssa
kKrTnBRXgtW3aJHw,1536286264562,1536296297480,9,5896734,6102181,2145,Zul,False,Katanescence
kKrTnBRXgtW3aJHw,1536286264562,1536296297480,9,5896734,6102181,2145,Zul,False,Sumi
kKrTnBRXgtW3aJHw,1536286264562,1536296297480,9,5896734,6102181,2145,Zul,False,Vaelyra
kKrTnBRXgtW3aJHw,1536286264562,1536296297480,9,5896734,6102181,2145,Zul,False,Shadowbaine
kKrTnBRXgtW3aJHw,1536286264562,1536296297480,9,5896734,6102181,2145,Zul,False,Ayriea
kKrTnBRXgtW3aJHw,1536286264562,1536296297480,9,5896734,6102181,2145,Zul,False,Uuglei
kKrTnBRXgtW3aJHw,1536286264562,1536296297480,9,5896734,6102181,2145,Zul,False,Mythrose
kKrTnBRXgtW3aJHw,1536286264562,1536296297480,9,5896734,6102181,2145,Zul,False,Cagliostro
kKrTnBRXgtW3aJHw,1536286264562,1536296297480,9,5896734,6102181,2145,Zul,False,Psychodruid
kKrTnBRXgtW3aJHw,1536286264562,1536296297480,9,5896734,6102181,2145,Zul,False,Liavre
kKrTnBRXgtW3aJHw,1536286264562,1536296297480,9,5896734,6102181,2145,Zul,False,Earrl
kKrTnBRXgtW3aJHw,1536286264562,1536296297480,9,5896734,6102181,2145,Zul,False,Draigo
kKrTnBRXgtW3aJHw,1536286264562,1536296297480,9,5896734,6102181,2145,Zul,False,Metonymy
kKrTnBRXgtW3aJHw,1536286264562,1536296297480,9,5896734,6102181,2145,Zul,False,Tawn
kKrTnBRXgtW3aJHw,1536286264562,1536296297480,9,5896734,6102181,2145,Zul,False,Illestra
kKrTnBRXgtW3aJHw,1536286264562,1536296297480,9,5896734,6102181,2145,Zul,False,Petrol
kKrTnBRXgtW3aJHw,1536286264562,1536296297480,9,5896734,6102181,2145,Zul,False,Toy
kKrTnBRXgtW3aJHw,1536286264562,1536296297480,9,5896734,6102181,2145,Zul,False,Stradlock
kKrTnBRXgtW3aJHw,1536286264562,1536296297480,9,5896734,6102181,2145,Zul,False,Acturus
kKrTnBRXgtW3aJHw,1536286264562,1536296297480,9,5896734,6102181,2145,Zul,False,Jampers
kKrTnBRXgtW3aJHw,1536286264562,1536296297480,9,5896734,6102181,2145,Zul,False,Dough
kKrTnBRXgtW3aJHw,1536286264562,1536296297480,10,6242779,6584383,2145,Zul,False,Brian
kKrTnBRXgtW3aJHw,1536286264562,1536296297480,10,6242779,6584383,2145,Zul,False,Velryssa
kKrTnBRXgtW3aJHw,1536286264562,1536296297480,10,6242779,6584383,2145,Zul,False,Katanescence
kKrTnBRXgtW3aJHw,1536286264562,1536296297480,10,6242779,6584383,2145,Zul,False,Sumi
kKrTnBRXgtW3aJHw,1536286264562,1536296297480,10,6242779,6584383,2145,Zul,False,Vaelyra
kKrTnBRXgtW3aJHw,1536286264562,1536296297480,10,6242779,6584383,2145,Zul,False,Shadowbaine
kKrTnBRXgtW3aJHw,1536286264562,1536296297480,10,6242779,6584383,2145,Zul,False,Ayriea
kKrTnBRXgtW3aJHw,1536286264562,1536296297480,10,6242779,6584383,2145,Zul,False,Uuglei
kKrTnBRXgtW3aJHw,1536286264562,1536296297480,10,6242779,6584383,2145,Zul,False,Mythrose
kKrTnBRXgtW3aJHw,1536286264562,1536296297480,10,6242779,6584383,2145,Zul,False,Cagliostro
kKrTnBRXgtW3aJHw,1536286264562,1536296297480,10,6242779,6584383,2145,Zul,False,Psychodruid
kKrTnBRXgtW3aJHw,1536286264562,1536296297480,10,6242779,6584383,2145,Zul,False,Liavre
kKrTnBRXgtW3aJHw,1536286264562,1536296297480,10,6242779,6584383,2145,Zul,False,Earrl
kKrTnBRXgtW3aJHw,1536286264562,1536296297480,10,6242779,6584383,2145,Zul,False,Draigo
kKrTnBRXgtW3aJHw,1536286264562,1536296297480,10,6242779,6584383,2145,Zul,False,Metonymy
kKrTnBRXgtW3aJHw,1536286264562,1536296297480,10,6242779,6584383,2145,Zul,False,Tawn
kKrTnBRXgtW3aJHw,1536286264562,1536296297480,10,6242779,6584383,2145,Zul,False,Illestra
kKrTnBRXgtW3aJHw,1536286264562,1536296297480,10,6242779,6584383,2145,Zul,False,Petrol
kKrTnBRXgtW3aJHw,1536286264562,1536296297480,10,6242779,6584383,2145,Zul,False,Toy
kKrTnBRXgtW3aJHw,1536286264562,1536296297480,10,6242779,6584383,2145,Zul,False,Stradlock
kKrTnBRXgtW3aJHw,1536286264562,1536296297480,10,6242779,6584383,2145,Zul,False,Acturus
kKrTnBRXgtW3aJHw,1536286264562,1536296297480,10,6242779,6584383,2145,Zul,False,Jampers
kKrTnBRXgtW3aJHw,1536286264562,1536296297480,10,6242779,6584383,2145,Zul,False,Dough
kKrTnBRXgtW3aJHw,1536286264562,1536296297480,11,6723620,7010608,2145,Zul,False,Brian
kKrTnBRXgtW3aJHw,1536286264562,1536296297480,11,6723620,7010608,2145,Zul,False,Velryssa
kKrTnBRXgtW3aJHw,1536286264562,1536296297480,11,6723620,7010608,2145,Zul,False,Katanescence
kKrTnBRXgtW3aJHw,1536286264562,1536296297480,11,6723620,7010608,2145,Zul,False,Sumi
kKrTnBRXgtW3aJHw,1536286264562,1536296297480,11,6723620,7010608,2145,Zul,False,Vaelyra
kKrTnBRXgtW3aJHw,1536286264562,1536296297480,11,6723620,7010608,2145,Zul,False,Shadowbaine
kKrTnBRXgtW3aJHw,1536286264562,1536296297480,11,6723620,7010608,2145,Zul,False,Ayriea
kKrTnBRXgtW3aJHw,1536286264562,1536296297480,11,6723620,7010608,2145,Zul,False,Uuglei
kKrTnBRXgtW3aJHw,1536286264562,1536296297480,11,6723620,7010608,2145,Zul,False,Mythrose
kKrTnBRXgtW3aJHw,1536286264562,1536296297480,11,6723620,7010608,2145,Zul,False,Cagliostro
kKrTnBRXgtW3aJHw,1536286264562,1536296297480,11,6723620,7010608,2145,Zul,False,Psychodruid
kKrTnBRXgtW3aJHw,1536286264562,1536296297480,11,6723620,7010608,2145,Zul,False,Liavre
kKrTnBRXgtW3aJHw,1536286264562,1536296297480,11,6723620,7010608,2145,Zul,False,Earrl
kKrTnBRXgtW3aJHw,1536286264562,1536296297480,11,6723620,7010608,2145,Zul,False,Draigo
kKrTnBRXgtW3aJHw,1536286264562,1536296297480,11,6723620,7010608,2145,Zul,False,Metonymy
kKrTnBRXgtW3aJHw,1536286264562,1536296297480,11,6723620,7010608,2145,Zul,False,Tawn
kKrTnBRXgtW3aJHw,1536286264562,1536296297480,11,6723620,7010608,2145,Zul,False,Illestra
kKrTnBRXgtW3aJHw,1536286264562,1536296297480,11,6723620,7010608,2145,Zul,False,Petrol
kKrTnBRXgtW3aJHw,1536286264562,1536296297480,11,6723620,7010608,2145,Zul,False,Toy
kKrTnBRXgtW3aJHw,1536286264562,1536296297480,11,6723620,7010608,2145,Zul,False,Stradlock
kKrTnBRXgtW3aJHw,1536286264562,1536296297480,11,6723620,7010608,2145,Zul,False,Acturus
kKrTnBRXgtW3aJHw,1536286264562,1536296297480,11,6723620,7010608,2145,Zul,False,Jampers
kKrTnBRXgtW3aJHw,1536286264562,1536296297480,11,6723620,7010608,2145,Zul,False,Dough
kKrTnBRXgtW3aJHw,1536286264562,1536296297480,12,7202282,7450118,2145,Zul,False,Brian
kKrTnBRXgtW3aJHw,1536286264562,1536296297480,12,7202282,7450118,2145,Zul,False,Velryssa
kKrTnBRXgtW3aJHw,1536286264562,1536296297480,12,7202282,7450118,2145,Zul,False,Katanescence
kKrTnBRXgtW3aJHw,1536286264562,1536296297480,12,7202282,7450118,2145,Zul,False,Sumi
kKrTnBRXgtW3aJHw,1536286264562,1536296297480,12,7202282,7450118,2145,Zul,False,Vaelyra
kKrTnBRXgtW3aJHw,1536286264562,1536296297480,12,7202282,7450118,2145,Zul,False,Shadowbaine
kKrTnBRXgtW3aJHw,1536286264562,1536296297480,12,7202282,7450118,2145,Zul,False,Ayriea
kKrTnBRXgtW3aJHw,1536286264562,1536296297480,12,7202282,7450118,2145,Zul,False,Uuglei
kKrTnBRXgtW3aJHw,1536286264562,1536296297480,12,7202282,7450118,2145,Zul,False,Mythrose
kKrTnBRXgtW3aJHw,1536286264562,1536296297480,12,7202282,7450118,2145,Zul,False,Cagliostro
kKrTnBRXgtW3aJHw,1536286264562,1536296297480,12,7202282,7450118,2145,Zul,False,Psychodruid
kKrTnBRXgtW3aJHw,1536286264562,1536296297480,12,7202282,7450118,2145,Zul,False,Liavre
kKrTnBRXgtW3aJHw,1536286264562,1536296297480,12,7202282,7450118,2145,Zul,False,Earrl
kKrTnBRXgtW3aJHw,1536286264562,1536296297480,12,7202282,7450118,2145,Zul,False,Draigo
kKrTnBRXgtW3aJHw,1536286264562,1536296297480,12,7202282,7450118,2145,Zul,False,Metonymy
kKrTnBRXgtW3aJHw,1536286264562,1536296297480,12,7202282,7450118,2145,Zul,False,Tawn
kKrTnBRXgtW3aJHw,1536286264562,1536296297480,12,7202282,7450118,2145,Zul,False,Illestra
kKrTnBRXgtW3aJHw,1536286264562,1536296297480,12,7202282,7450118,2145,Zul,False,Petrol
kKrTnBRXgtW3aJHw,1536286264562,1536296297480,12,7202282,7450118,2145,Zul,False,Toy
kKrTnBRXgtW3aJHw,1536286264562,1536296297480,12,7202282,7450118,2145,Zul,False,Stradlock
kKrTnBRXgtW3aJHw,1536286264562,1536296297480,12,7202282,7450118,2145,Zul,False,Acturus
kKrTnBRXgtW3aJHw,1536286264562,1536296297480,12,7202282,7450118,2145,Zul,False,Jampers
kKrTnBRXgtW3aJHw,1536286264562,1536296297480,12,7202282,7450118,2145,Zul,False,Dough
kKrTnBRXgtW3aJHw,1536286264562,1536296297480,13,7600720,7821590,2145,Zul,False,Brian
kKrTnBRXgtW3aJHw,1536286264562,1536296297480,13,7600720,7821590,2145,Zul,False,Velryssa
kKrTnBRXgtW3aJHw,1536286264562,1536296297480,13,7600720,7821590,2145,Zul,False,Katanescence
kKrTnBRXgtW3aJHw,1536286264562,1536296297480,13,7600720,7821590,2145,Zul,False,Sumi
kKrTnBRXgtW3aJHw,1536286264562,1536296297480,13,7600720,7821590,2145,Zul,False,Vaelyra
kKrTnBRXgtW3aJHw,1536286264562,1536296297480,13,7600720,7821590,2145,Zul,False,Shadowbaine
kKrTnBRXgtW3aJHw,1536286264562,1536296297480,13,7600720,7821590,2145,Zul,False,Ayriea
kKrTnBRXgtW3aJHw,1536286264562,1536296297480,13,7600720,7821590,2145,Zul,False,Uuglei
kKrTnBRXgtW3aJHw,1536286264562,1536296297480,13,7600720,7821590,2145,Zul,False,Mythrose
kKrTnBRXgtW3aJHw,1536286264562,1536296297480,13,7600720,7821590,2145,Zul,False,Cagliostro
kKrTnBRXgtW3aJHw,1536286264562,1536296297480,13,7600720,7821590,2145,Zul,False,Psychodruid
kKrTnBRXgtW3aJHw,1536286264562,1536296297480,13,7600720,7821590,2145,Zul,False,Liavre
kKrTnBRXgtW3aJHw,1536286264562,1536296297480,13,7600720,7821590,2145,Zul,False,Earrl
kKrTnBRXgtW3aJHw,1536286264562,1536296297480,13,7600720,7821590,2145,Zul,False,Draigo
kKrTnBRXgtW3aJHw,1536286264562,1536296297480,13,7600720,7821590,2145,Zul,False,Metonymy
kKrTnBRXgtW3aJHw,1536286264562,1536296297480,13,7600720,7821590,2145,Zul,False,Tawn
kKrTnBRXgtW3aJHw,1536286264562,1536296297480,13,7600720,7821590,2145,Zul,False,Illestra
kKrTnBRXgtW3aJHw,1536286264562,1536296297480,13,7600720,7821590,2145,Zul,False,Petrol
kKrTnBRXgtW3aJHw,1536286264562,1536296297480,13,7600720,7821590,2145,Zul,False,Toy
kKrTnBRXgtW3aJHw,1536286264562,1536296297480,13,7600720,7821590,2145,Zul,False,Stradlock
kKrTnBRXgtW3aJHw,1536286264562,1536296297480,13,7600720,7821590,2145,Zul,False,Acturus
kKrTnBRXgtW3aJHw,1536286264562,1536296297480,13,7600720,7821590,2145,Zul,False,Jampers
kKrTnBRXgtW3aJHw,1536286264562,1536296297480,13,7600720,7821590,2145,Zul,False,Dough
kKrTnBRXgtW3aJHw,1536286264562,1536296297480,14,7930287,8156222,2145,Zul,False,Brian
kKrTnBRXgtW3aJHw,1536286264562,1536296297480,14,7930287,8156222,2145,Zul,False,Velryssa
kKrTnBRXgtW3aJHw,1536286264562,1536296297480,14,7930287,8156222,2145,Zul,False,Katanescence
kKrTnBRXgtW3aJHw,1536286264562,1536296297480,14,7930287,8156222,2145,Zul,False,Sumi
kKrTnBRXgtW3aJHw,1536286264562,1536296297480,14,7930287,8156222,2145,Zul,False,Vaelyra
kKrTnBRXgtW3aJHw,1536286264562,1536296297480,14,7930287,8156222,2145,Zul,False,Shadowbaine
kKrTnBRXgtW3aJHw,1536286264562,1536296297480,14,7930287,8156222,2145,Zul,False,Ayriea
kKrTnBRXgtW3aJHw,1536286264562,1536296297480,14,7930287,8156222,2145,Zul,False,Uuglei
kKrTnBRXgtW3aJHw,1536286264562,1536296297480,14,7930287,8156222,2145,Zul,False,Mythrose
kKrTnBRXgtW3aJHw,1536286264562,1536296297480,14,7930287,8156222,2145,Zul,False,Cagliostro
kKrTnBRXgtW3aJHw,1536286264562,1536296297480,14,7930287,8156222,2145,Zul,False,Psychodruid
kKrTnBRXgtW3aJHw,1536286264562,1536296297480,14,7930287,8156222,2145,Zul,False,Liavre
kKrTnBRXgtW3aJHw,1536286264562,1536296297480,14,7930287,8156222,2145,Zul,False,Earrl
kKrTnBRXgtW3aJHw,1536286264562,1536296297480,14,7930287,8156222,2145,Zul,False,Draigo
kKrTnBRXgtW3aJHw,1536286264562,1536296297480,14,7930287,8156222,2145,Zul,False,Metonymy
kKrTnBRXgtW3aJHw,1536286264562,1536296297480,14,7930287,8156222,2145,Zul,False,Tawn
kKrTnBRXgtW3aJHw,1536286264562,1536296297480,14,7930287,8156222,2145,Zul,False,Illestra
kKrTnBRXgtW3aJHw,1536286264562,1536296297480,14,7930287,8156222,2145,Zul,False,Petrol
kKrTnBRXgtW3aJHw,1536286264562,1536296297480,14,7930287,8156222,2145,Zul,False,Toy
kKrTnBRXgtW3aJHw,1536286264562,1536296297480,14,7930287,8156222,2145,Zul,False,Stradlock
kKrTnBRXgtW3aJHw,1536286264562,1536296297480,14,7930287,8156222,2145,Zul,False,Acturus
kKrTnBRXgtW3aJHw,1536286264562,1536296297480,14,7930287,8156222,2145,Zul,False,Jampers
kKrTnBRXgtW3aJHw,1536286264562,1536296297480,14,7930287,8156222,2145,Zul,False,Dough
kKrTnBRXgtW3aJHw,1536286264562,1536296297480,15,8350634,8706741,2145,Zul,False,Brian
kKrTnBRXgtW3aJHw,1536286264562,1536296297480,15,8350634,8706741,2145,Zul,False,Velryssa
kKrTnBRXgtW3aJHw,1536286264562,1536296297480,15,8350634,8706741,2145,Zul,False,Katanescence
kKrTnBRXgtW3aJHw,1536286264562,1536296297480,15,8350634,8706741,2145,Zul,False,Sumi
kKrTnBRXgtW3aJHw,1536286264562,1536296297480,15,8350634,8706741,2145,Zul,False,Vaelyra
kKrTnBRXgtW3aJHw,1536286264562,1536296297480,15,8350634,8706741,2145,Zul,False,Shadowbaine
kKrTnBRXgtW3aJHw,1536286264562,1536296297480,15,8350634,8706741,2145,Zul,False,Ayriea
kKrTnBRXgtW3aJHw,1536286264562,1536296297480,15,8350634,8706741,2145,Zul,False,Uuglei
kKrTnBRXgtW3aJHw,1536286264562,1536296297480,15,8350634,8706741,2145,Zul,False,Mythrose
kKrTnBRXgtW3aJHw,1536286264562,1536296297480,15,8350634,8706741,2145,Zul,False,Cagliostro
kKrTnBRXgtW3aJHw,1536286264562,1536296297480,15,8350634,8706741,2145,Zul,False,Psychodruid
kKrTnBRXgtW3aJHw,1536286264562,1536296297480,15,8350634,8706741,2145,Zul,False,Liavre
kKrTnBRXgtW3aJHw,1536286264562,1536296297480,15,8350634,8706741,2145,Zul,False,Earrl
kKrTnBRXgtW3aJHw,1536286264562,1536296297480,15,8350634,8706741,2145,Zul,False,Draigo
kKrTnBRXgtW3aJHw,1536286264562,1536296297480,15,8350634,8706741,2145,Zul,False,Metonymy
kKrTnBRXgtW3aJHw,1536286264562,1536296297480,15,8350634,8706741,2145,Zul,False,Tawn
kKrTnBRXgtW3aJHw,1536286264562,1536296297480,15,8350634,8706741,2145,Zul,False,Illestra
kKrTnBRXgtW3aJHw,1536286264562,1536296297480,15,8350634,8706741,2145,Zul,False,Petrol
kKrTnBRXgtW3aJHw,1536286264562,1536296297480,15,8350634,8706741,2145,Zul,False,Toy
kKrTnBRXgtW3aJHw,1536286264562,1536296297480,15,8350634,8706741,2145,Zul,False,Stradlock
kKrTnBRXgtW3aJHw,1536286264562,1536296297480,15,8350634,8706741,2145,Zul,False,Acturus
kKrTnBRXgtW3aJHw,1536286264562,1536296297480,15,8350634,8706741,2145,Zul,False,Jampers
kKrTnBRXgtW3aJHw,1536286264562,1536296297480,15,8350634,8706741,2145,Zul,False,Dough
kKrTnBRXgtW3aJHw,1536286264562,1536296297480,16,8804985,9163569,2145,Zul,False,Brian
kKrTnBRXgtW3aJHw,1536286264562,1536296297480,16,8804985,9163569,2145,Zul,False,Velryssa
kKrTnBRXgtW3aJHw,1536286264562,1536296297480,16,8804985,9163569,2145,Zul,False,Katanescence
kKrTnBRXgtW3aJHw,1536286264562,1536296297480,16,8804985,9163569,2145,Zul,False,Sumi
kKrTnBRXgtW3aJHw,1536286264562,1536296297480,16,8804985,9163569,2145,Zul,False,Vaelyra
kKrTnBRXgtW3aJHw,1536286264562,1536296297480,16,8804985,9163569,2145,Zul,False,Shadowbaine
kKrTnBRXgtW3aJHw,1536286264562,1536296297480,16,8804985,9163569,2145,Zul,False,Ayriea
kKrTnBRXgtW3aJHw,1536286264562,1536296297480,16,8804985,9163569,2145,Zul,False,Uuglei
kKrTnBRXgtW3aJHw,1536286264562,1536296297480,16,8804985,9163569,2145,Zul,False,Mythrose
kKrTnBRXgtW3aJHw,1536286264562,1536296297480,16,8804985,9163569,2145,Zul,False,Cagliostro
kKrTnBRXgtW3aJHw,1536286264562,1536296297480,16,8804985,9163569,2145,Zul,False,Psychodruid
kKrTnBRXgtW3aJHw,1536286264562,1536296297480,16,8804985,9163569,2145,Zul,False,Liavre
kKrTnBRXgtW3aJHw,1536286264562,1536296297480,16,8804985,9163569,2145,Zul,False,Earrl
kKrTnBRXgtW3aJHw,1536286264562,1536296297480,16,8804985,9163569,2145,Zul,False,Draigo
kKrTnBRXgtW3aJHw,1536286264562,1536296297480,16,8804985,9163569,2145,Zul,False,Metonymy
kKrTnBRXgtW3aJHw,1536286264562,1536296297480,16,8804985,9163569,2145,Zul,False,Tawn
kKrTnBRXgtW3aJHw,1536286264562,1536296297480,16,8804985,9163569,2145,Zul,False,Illestra
kKrTnBRXgtW3aJHw,1536286264562,1536296297480,16,8804985,9163569,2145,Zul,False,Petrol
kKrTnBRXgtW3aJHw,1536286264562,1536296297480,16,8804985,9163569,2145,Zul,False,Toy
kKrTnBRXgtW3aJHw,1536286264562,1536296297480,16,8804985,9163569,2145,Zul,False,Stradlock
kKrTnBRXgtW3aJHw,1536286264562,1536296297480,16,8804985,9163569,2145,Zul,False,Acturus
kKrTnBRXgtW3aJHw,1536286264562,1536296297480,16,8804985,9163569,2145,Zul,False,Jampers
kKrTnBRXgtW3aJHw,1536286264562,1536296297480,16,8804985,9163569,2145,Zul,False,Dough
kKrTnBRXgtW3aJHw,1536286264562,1536296297480,17,9315940,9617005,2145,Zul,False,Brian
kKrTnBRXgtW3aJHw,1536286264562,1536296297480,17,9315940,9617005,2145,Zul,False,Velryssa
kKrTnBRXgtW3aJHw,1536286264562,1536296297480,17,9315940,9617005,2145,Zul,False,Katanescence
kKrTnBRXgtW3aJHw,1536286264562,1536296297480,17,9315940,9617005,2145,Zul,False,Sumi
kKrTnBRXgtW3aJHw,1536286264562,1536296297480,17,9315940,9617005,2145,Zul,False,Vaelyra
kKrTnBRXgtW3aJHw,1536286264562,1536296297480,17,9315940,9617005,2145,Zul,False,Shadowbaine
kKrTnBRXgtW3aJHw,1536286264562,1536296297480,17,9315940,9617005,2145,Zul,False,Ayriea
kKrTnBRXgtW3aJHw,1536286264562,1536296297480,17,9315940,9617005,2145,Zul,False,Uuglei
kKrTnBRXgtW3aJHw,1536286264562,1536296297480,17,9315940,9617005,2145,Zul,False,Mythrose
kKrTnBRXgtW3aJHw,1536286264562,1536296297480,17,9315940,9617005,2145,Zul,False,Cagliostro
kKrTnBRXgtW3aJHw,1536286264562,1536296297480,17,9315940,9617005,2145,Zul,False,Psychodruid
kKrTnBRXgtW3aJHw,1536286264562,1536296297480,17,9315940,9617005,2145,Zul,False,Liavre
kKrTnBRXgtW3aJHw,1536286264562,1536296297480,17,9315940,9617005,2145,Zul,False,Earrl
kKrTnBRXgtW3aJHw,1536286264562,1536296297480,17,9315940,9617005,2145,Zul,False,Draigo
kKrTnBRXgtW3aJHw,1536286264562,1536296297480,17,9315940,9617005,2145,Zul,False,Metonymy
kKrTnBRXgtW3aJHw,1536286264562,1536296297480,17,9315940,9617005,2145,Zul,False,Tawn
kKrTnBRXgtW3aJHw,1536286264562,1536296297480,17,9315940,9617005,2145,Zul,False,Illestra
kKrTnBRXgtW3aJHw,1536286264562,1536296297480,17,9315940,9617005,2145,Zul,False,Petrol
kKrTnBRXgtW3aJHw,1536286264562,1536296297480,17,9315940,9617005,2145,Zul,False,Toy
kKrTnBRXgtW3aJHw,1536286264562,1536296297480,17,9315940,9617005,2145,Zul,False,Stradlock
kKrTnBRXgtW3aJHw,1536286264562,1536296297480,17,9315940,9617005,2145,Zul,False,Acturus
kKrTnBRXgtW3aJHw,1536286264562,1536296297480,17,9315940,9617005,2145,Zul,False,Jampers
kKrTnBRXgtW3aJHw,1536286264562,1536296297480,17,9315940,9617005,2145,Zul,False,Dough
kKrTnBRXgtW3aJHw,1536286264562,1536296297480,18,9708092,10032918,2145,Zul,False,Brian
kKrTnBRXgtW3aJHw,1536286264562,1536296297480,18,9708092,10032918,2145,Zul,False,Velryssa
kKrTnBRXgtW3aJHw,1536286264562,1536296297480,18,9708092,10032918,2145,Zul,False,Katanescence
kKrTnBRXgtW3aJHw,1536286264562,1536296297480,18,9708092,10032918,2145,Zul,False,Sumi
kKrTnBRXgtW3aJHw,1536286264562,1536296297480,18,9708092,10032918,2145,Zul,False,Vaelyra
kKrTnBRXgtW3aJHw,1536286264562,1536296297480,18,9708092,10032918,2145,Zul,False,Shadowbaine
kKrTnBRXgtW3aJHw,1536286264562,1536296297480,18,9708092,10032918,2145,Zul,False,Ayriea
kKrTnBRXgtW3aJHw,1536286264562,1536296297480,18,9708092,10032918,2145,Zul,False,Uuglei
kKrTnBRXgtW3aJHw,1536286264562,1536296297480,18,9708092,10032918,2145,Zul,False,Mythrose
kKrTnBRXgtW3aJHw,1536286264562,1536296297480,18,9708092,10032918,2145,Zul,False,Cagliostro
kKrTnBRXgtW3aJHw,1536286264562,1536296297480,18,9708092,10032918,2145,Zul,False,Psychodruid
kKrTnBRXgtW3aJHw,1536286264562,1536296297480,18,9708092,10032918,2145,Zul,False,Liavre
kKrTnBRXgtW3aJHw,1536286264562,1536296297480,18,9708092,10032918,2145,Zul,False,Earrl
kKrTnBRXgtW3aJHw,1536286264562,1536296297480,18,9708092,10032918,2145,Zul,False,Draigo
kKrTnBRXgtW3aJHw,1536286264562,1536296297480,18,9708092,10032918,2145,Zul,False,Metonymy
kKrTnBRXgtW3aJHw,1536286264562,1536296297480,18,9708092,10032918,2145,Zul,False,Tawn
kKrTnBRXgtW3aJHw,1536286264562,1536296297480,18,9708092,10032918,2145,Zul,False,Illestra
kKrTnBRXgtW3aJHw,1536286264562,1536296297480,18,9708092,10032918,2145,Zul,False,Petrol
kKrTnBRXgtW3aJHw,1536286264562,1536296297480,18,9708092,10032918,2145,Zul,False,Toy
kKrTnBRXgtW3aJHw,1536286264562,1536296297480,18,9708092,10032918,2145,Zul,False,Stradlock
kKrTnBRXgtW3aJHw,1536286264562,1536296297480,18,9708092,10032918,2145,Zul,False,Acturus
kKrTnBRXgtW3aJHw,1536286264562,1536296297480,18,9708092,10032918,2145,Zul,False,Jampers
kKrTnBRXgtW3aJHw,1536286264562,1536296297480,18,9708092,10032918,2145,Zul,False,Dough
PphkwMFDnmRgK37y,1536202744238,1536209098558,2,258336,522850,2144,Taloc,False,Dough
PphkwMFDnmRgK37y,1536202744238,1536209098558,2,258336,522850,2144,Taloc,False,Metonymy
PphkwMFDnmRgK37y,1536202744238,1536209098558,2,258336,522850,2144,Taloc,False,Tawn
PphkwMFDnmRgK37y,1536202744238,1536209098558,2,258336,522850,2144,Taloc,False,Ayriea
PphkwMFDnmRgK37y,1536202744238,1536209098558,2,258336,522850,2144,Taloc,False,Illestra
PphkwMFDnmRgK37y,1536202744238,1536209098558,2,258336,522850,2144,Taloc,False,Vaelyra
PphkwMFDnmRgK37y,1536202744238,1536209098558,2,258336,522850,2144,Taloc,False,Earrl
PphkwMFDnmRgK37y,1536202744238,1536209098558,2,258336,522850,2144,Taloc,False,Psychodruid
PphkwMFDnmRgK37y,1536202744238,1536209098558,2,258336,522850,2144,Taloc,False,Petrol
PphkwMFDnmRgK37y,1536202744238,1536209098558,2,258336,522850,2144,Taloc,False,Acturus
PphkwMFDnmRgK37y,1536202744238,1536209098558,2,258336,522850,2144,Taloc,False,Mythrose
PphkwMFDnmRgK37y,1536202744238,1536209098558,2,258336,522850,2144,Taloc,False,Draigo
PphkwMFDnmRgK37y,1536202744238,1536209098558,2,258336,522850,2144,Taloc,False,Jampers
PphkwMFDnmRgK37y,1536202744238,1536209098558,2,258336,522850,2144,Taloc,False,Brian
PphkwMFDnmRgK37y,1536202744238,1536209098558,2,258336,522850,2144,Taloc,False,Shadowbaine
PphkwMFDnmRgK37y,1536202744238,1536209098558,2,258336,522850,2144,Taloc,False,Cagliostro
PphkwMFDnmRgK37y,1536202744238,1536209098558,2,258336,522850,2144,Taloc,False,Velryssa
PphkwMFDnmRgK37y,1536202744238,1536209098558,2,258336,522850,2144,Taloc,False,Liavre
PphkwMFDnmRgK37y,1536202744238,1536209098558,2,258336,522850,2144,Taloc,False,Sumi
PphkwMFDnmRgK37y,1536202744238,1536209098558,2,258336,522850,2144,Taloc,False,Stradlock
PphkwMFDnmRgK37y,1536202744238,1536209098558,2,258336,522850,2144,Taloc,False,Katanescence
PphkwMFDnmRgK37y,1536202744238,1536209098558,2,258336,522850,2144,Taloc,False,Uuglei
PphkwMFDnmRgK37y,1536202744238,1536209098558,2,258336,522850,2144,Taloc,False,Toy
PphkwMFDnmRgK37y,1536202744238,1536209098558,3,688143,1015112,2144,Taloc,True,Dough
PphkwMFDnmRgK37y,1536202744238,1536209098558,3,688143,1015112,2144,Taloc,True,Metonymy
PphkwMFDnmRgK37y,1536202744238,1536209098558,3,688143,1015112,2144,Taloc,True,Tawn
PphkwMFDnmRgK37y,1536202744238,1536209098558,3,688143,1015112,2144,Taloc,True,Ayriea
PphkwMFDnmRgK37y,1536202744238,1536209098558,3,688143,1015112,2144,Taloc,True,Illestra
PphkwMFDnmRgK37y,1536202744238,1536209098558,3,688143,1015112,2144,Taloc,True,Vaelyra
PphkwMFDnmRgK37y,1536202744238,1536209098558,3,688143,1015112,2144,Taloc,True,Earrl
PphkwMFDnmRgK37y,1536202744238,1536209098558,3,688143,1015112,2144,Taloc,True,Psychodruid
PphkwMFDnmRgK37y,1536202744238,1536209098558,3,688143,1015112,2144,Taloc,True,Petrol
PphkwMFDnmRgK37y,1536202744238,1536209098558,3,688143,1015112,2144,Taloc,True,Acturus
PphkwMFDnmRgK37y,1536202744238,1536209098558,3,688143,1015112,2144,Taloc,True,Mythrose
PphkwMFDnmRgK37y,1536202744238,1536209098558,3,688143,1015112,2144,Taloc,True,Draigo
PphkwMFDnmRgK37y,1536202744238,1536209098558,3,688143,1015112,2144,Taloc,True,Jampers
PphkwMFDnmRgK37y,1536202744238,1536209098558,3,688143,1015112,2144,Taloc,True,Brian
PphkwMFDnmRgK37y,1536202744238,1536209098558,3,688143,1015112,2144,Taloc,True,Shadowbaine
PphkwMFDnmRgK37y,1536202744238,1536209098558,3,688143,1015112,2144,Taloc,True,Cagliostro
PphkwMFDnmRgK37y,1536202744238,1536209098558,3,688143,1015112,2144,Taloc,True,Velryssa
PphkwMFDnmRgK37y,1536202744238,1536209098558,3,688143,1015112,2144,Taloc,True,Liavre
PphkwMFDnmRgK37y,1536202744238,1536209098558,3,688143,1015112,2144,Taloc,True,Sumi
PphkwMFDnmRgK37y,1536202744238,1536209098558,3,688143,1015112,2144,Taloc,True,Stradlock
PphkwMFDnmRgK37y,1536202744238,1536209098558,3,688143,1015112,2144,Taloc,True,Katanescence
PphkwMFDnmRgK37y,1536202744238,1536209098558,3,688143,1015112,2144,Taloc,True,Uuglei
PphkwMFDnmRgK37y,1536202744238,1536209098558,3,688143,1015112,2144,Taloc,True,Toy
PphkwMFDnmRgK37y,1536202744238,1536209098558,5,2086010,2336259,2141,MOTHER,False,Dough
PphkwMFDnmRgK37y,1536202744238,1536209098558,5,2086010,2336259,2141,MOTHER,False,Metonymy
PphkwMFDnmRgK37y,1536202744238,1536209098558,5,2086010,2336259,2141,MOTHER,False,Tawn
PphkwMFDnmRgK37y,1536202744238,1536209098558,5,2086010,2336259,2141,MOTHER,False,Ayriea
PphkwMFDnmRgK37y,1536202744238,1536209098558,5,2086010,2336259,2141,MOTHER,False,Illestra
PphkwMFDnmRgK37y,1536202744238,1536209098558,5,2086010,2336259,2141,MOTHER,False,Vaelyra
PphkwMFDnmRgK37y,1536202744238,1536209098558,5,2086010,2336259,2141,MOTHER,False,Earrl
PphkwMFDnmRgK37y,1536202744238,1536209098558,5,2086010,2336259,2141,MOTHER,False,Psychodruid
PphkwMFDnmRgK37y,1536202744238,1536209098558,5,2086010,2336259,2141,MOTHER,False,Petrol
PphkwMFDnmRgK37y,1536202744238,1536209098558,5,2086010,2336259,2141,MOTHER,False,Acturus
PphkwMFDnmRgK37y,1536202744238,1536209098558,5,2086010,2336259,2141,MOTHER,False,Mythrose
PphkwMFDnmRgK37y,1536202744238,1536209098558,5,2086010,2336259,2141,MOTHER,False,Draigo
PphkwMFDnmRgK37y,1536202744238,1536209098558,5,2086010,2336259,2141,MOTHER,False,Jampers
PphkwMFDnmRgK37y,1536202744238,1536209098558,5,2086010,2336259,2141,MOTHER,False,Brian
PphkwMFDnmRgK37y,1536202744238,1536209098558,5,2086010,2336259,2141,MOTHER,False,Shadowbaine
PphkwMFDnmRgK37y,1536202744238,1536209098558,5,2086010,2336259,2141,MOTHER,False,Cagliostro
PphkwMFDnmRgK37y,1536202744238,1536209098558,5,2086010,2336259,2141,MOTHER,False,Velryssa
PphkwMFDnmRgK37y,1536202744238,1536209098558,5,2086010,2336259,2141,MOTHER,False,Liavre
PphkwMFDnmRgK37y,1536202744238,1536209098558,5,2086010,2336259,2141,MOTHER,False,Sumi
PphkwMFDnmRgK37y,1536202744238,1536209098558,5,2086010,2336259,2141,MOTHER,False,Stradlock
PphkwMFDnmRgK37y,1536202744238,1536209098558,5,2086010,2336259,2141,MOTHER,False,Katanescence
PphkwMFDnmRgK37y,1536202744238,1536209098558,5,2086010,2336259,2141,MOTHER,False,Uuglei
PphkwMFDnmRgK37y,1536202744238,1536209098558,5,2086010,2336259,2141,MOTHER,False,Toy
PphkwMFDnmRgK37y,1536202744238,1536209098558,7,2450241,2759398,2141,MOTHER,False,Dough
PphkwMFDnmRgK37y,1536202744238,1536209098558,7,2450241,2759398,2141,MOTHER,False,Metonymy
PphkwMFDnmRgK37y,1536202744238,1536209098558,7,2450241,2759398,2141,MOTHER,False,Tawn
PphkwMFDnmRgK37y,1536202744238,1536209098558,7,2450241,2759398,2141,MOTHER,False,Ayriea
PphkwMFDnmRgK37y,1536202744238,1536209098558,7,2450241,2759398,2141,MOTHER,False,Illestra
PphkwMFDnmRgK37y,1536202744238,1536209098558,7,2450241,2759398,2141,MOTHER,False,Vaelyra
PphkwMFDnmRgK37y,1536202744238,1536209098558,7,2450241,2759398,2141,MOTHER,False,Earrl
PphkwMFDnmRgK37y,1536202744238,1536209098558,7,2450241,2759398,2141,MOTHER,False,Psychodruid
PphkwMFDnmRgK37y,1536202744238,1536209098558,7,2450241,2759398,2141,MOTHER,False,Petrol
PphkwMFDnmRgK37y,1536202744238,1536209098558,7,2450241,2759398,2141,MOTHER,False,Acturus
PphkwMFDnmRgK37y,1536202744238,1536209098558,7,2450241,2759398,2141,MOTHER,False,Mythrose
PphkwMFDnmRgK37y,1536202744238,1536209098558,7,2450241,2759398,2141,MOTHER,False,Draigo
PphkwMFDnmRgK37y,1536202744238,1536209098558,7,2450241,2759398,2141,MOTHER,False,Jampers
PphkwMFDnmRgK37y,1536202744238,1536209098558,7,2450241,2759398,2141,MOTHER,False,Brian
PphkwMFDnmRgK37y,1536202744238,1536209098558,7,2450241,2759398,2141,MOTHER,False,Shadowbaine
PphkwMFDnmRgK37y,1536202744238,1536209098558,7,2450241,2759398,2141,MOTHER,False,Cagliostro
PphkwMFDnmRgK37y,1536202744238,1536209098558,7,2450241,2759398,2141,MOTHER,False,Velryssa
PphkwMFDnmRgK37y,1536202744238,1536209098558,7,2450241,2759398,2141,MOTHER,False,Liavre
PphkwMFDnmRgK37y,1536202744238,1536209098558,7,2450241,2759398,2141,MOTHER,False,Sumi
PphkwMFDnmRgK37y,1536202744238,1536209098558,7,2450241,2759398,2141,MOTHER,False,Stradlock
PphkwMFDnmRgK37y,1536202744238,1536209098558,7,2450241,2759398,2141,MOTHER,False,Katanescence
PphkwMFDnmRgK37y,1536202744238,1536209098558,7,2450241,2759398,2141,MOTHER,False,Uuglei
PphkwMFDnmRgK37y,1536202744238,1536209098558,7,2450241,2759398,2141,MOTHER,False,Toy
PphkwMFDnmRgK37y,1536202744238,1536209098558,8,3070528,3279249,2141,MOTHER,False,Dough
PphkwMFDnmRgK37y,1536202744238,1536209098558,8,3070528,3279249,2141,MOTHER,False,Metonymy
PphkwMFDnmRgK37y,1536202744238,1536209098558,8,3070528,3279249,2141,MOTHER,False,Tawn
PphkwMFDnmRgK37y,1536202744238,1536209098558,8,3070528,3279249,2141,MOTHER,False,Ayriea
PphkwMFDnmRgK37y,1536202744238,1536209098558,8,3070528,3279249,2141,MOTHER,False,Illestra
PphkwMFDnmRgK37y,1536202744238,1536209098558,8,3070528,3279249,2141,MOTHER,False,Vaelyra
PphkwMFDnmRgK37y,1536202744238,1536209098558,8,3070528,3279249,2141,MOTHER,False,Earrl
PphkwMFDnmRgK37y,1536202744238,1536209098558,8,3070528,3279249,2141,MOTHER,False,Psychodruid
PphkwMFDnmRgK37y,1536202744238,1536209098558,8,3070528,3279249,2141,MOTHER,False,Petrol
PphkwMFDnmRgK37y,1536202744238,1536209098558,8,3070528,3279249,2141,MOTHER,False,Acturus
PphkwMFDnmRgK37y,1536202744238,1536209098558,8,3070528,3279249,2141,MOTHER,False,Mythrose
PphkwMFDnmRgK37y,1536202744238,1536209098558,8,3070528,3279249,2141,MOTHER,False,Draigo
PphkwMFDnmRgK37y,1536202744238,1536209098558,8,3070528,3279249,2141,MOTHER,False,Jampers
PphkwMFDnmRgK37y,1536202744238,1536209098558,8,3070528,3279249,2141,MOTHER,False,Shadowbaine
PphkwMFDnmRgK37y,1536202744238,1536209098558,8,3070528,3279249,2141,MOTHER,False,Cagliostro
PphkwMFDnmRgK37y,1536202744238,1536209098558,8,3070528,3279249,2141,MOTHER,False,Velryssa
PphkwMFDnmRgK37y,1536202744238,1536209098558,8,3070528,3279249,2141,MOTHER,False,Liavre
PphkwMFDnmRgK37y,1536202744238,1536209098558,8,3070528,3279249,2141,MOTHER,False,Sumi
PphkwMFDnmRgK37y,1536202744238,1536209098558,8,3070528,3279249,2141,MOTHER,False,Stradlock
PphkwMFDnmRgK37y,1536202744238,1536209098558,8,3070528,3279249,2141,MOTHER,False,Katanescence
PphkwMFDnmRgK37y,1536202744238,1536209098558,8,3070528,3279249,2141,MOTHER,False,Uuglei
PphkwMFDnmRgK37y,1536202744238,1536209098558,8,3070528,3279249,2141,MOTHER,False,Toy
PphkwMFDnmRgK37y,1536202744238,1536209098558,9,3414999,3718244,2141,MOTHER,True,Dough
PphkwMFDnmRgK37y,1536202744238,1536209098558,9,3414999,3718244,2141,MOTHER,True,Metonymy
PphkwMFDnmRgK37y,1536202744238,1536209098558,9,3414999,3718244,2141,MOTHER,True,Tawn
PphkwMFDnmRgK37y,1536202744238,1536209098558,9,3414999,3718244,2141,MOTHER,True,Ayriea
PphkwMFDnmRgK37y,1536202744238,1536209098558,9,3414999,3718244,2141,MOTHER,True,Illestra
PphkwMFDnmRgK37y,1536202744238,1536209098558,9,3414999,3718244,2141,MOTHER,True,Vaelyra
PphkwMFDnmRgK37y,1536202744238,1536209098558,9,3414999,3718244,2141,MOTHER,True,Earrl
PphkwMFDnmRgK37y,1536202744238,1536209098558,9,3414999,3718244,2141,MOTHER,True,Psychodruid
PphkwMFDnmRgK37y,1536202744238,1536209098558,9,3414999,3718244,2141,MOTHER,True,Petrol
PphkwMFDnmRgK37y,1536202744238,1536209098558,9,3414999,3718244,2141,MOTHER,True,Acturus
PphkwMFDnmRgK37y,1536202744238,1536209098558,9,3414999,3718244,2141,MOTHER,True,Mythrose
PphkwMFDnmRgK37y,1536202744238,1536209098558,9,3414999,3718244,2141,MOTHER,True,Draigo
PphkwMFDnmRgK37y,1536202744238,1536209098558,9,3414999,3718244,2141,MOTHER,True,Jampers
PphkwMFDnmRgK37y,1536202744238,1536209098558,9,3414999,3718244,2141,MOTHER,True,Brian
PphkwMFDnmRgK37y,1536202744238,1536209098558,9,3414999,3718244,2141,MOTHER,True,Shadowbaine
PphkwMFDnmRgK37y,1536202744238,1536209098558,9,3414999,3718244,2141,MOTHER,True,Cagliostro
PphkwMFDnmRgK37y,1536202744238,1536209098558,9,3414999,3718244,2141,MOTHER,True,Velryssa
PphkwMFDnmRgK37y,1536202744238,1536209098558,9,3414999,3718244,2141,MOTHER,True,Liavre
PphkwMFDnmRgK37y,1536202744238,1536209098558,9,3414999,3718244,2141,MOTHER,True,Sumi
PphkwMFDnmRgK37y,1536202744238,1536209098558,9,3414999,3718244,2141,MOTHER,True,Stradlock
PphkwMFDnmRgK37y,1536202744238,1536209098558,9,3414999,3718244,2141,MOTHER,True,Katanescence
PphkwMFDnmRgK37y,1536202744238,1536209098558,9,3414999,3718244,2141,MOTHER,True,Uuglei
PphkwMFDnmRgK37y,1536202744238,1536209098558,9,3414999,3718244,2141,MOTHER,True,Toy
PphkwMFDnmRgK37y,1536202744238,1536209098558,16,4532748,4701395,2128,Fetid Devourer,False,Dough
PphkwMFDnmRgK37y,1536202744238,1536209098558,16,4532748,4701395,2128,Fetid Devourer,False,Metonymy
PphkwMFDnmRgK37y,1536202744238,1536209098558,16,4532748,4701395,2128,Fetid Devourer,False,Tawn
PphkwMFDnmRgK37y,1536202744238,1536209098558,16,4532748,4701395,2128,Fetid Devourer,False,Ayriea
PphkwMFDnmRgK37y,1536202744238,1536209098558,16,4532748,4701395,2128,Fetid Devourer,False,Illestra
PphkwMFDnmRgK37y,1536202744238,1536209098558,16,4532748,4701395,2128,Fetid Devourer,False,Vaelyra
PphkwMFDnmRgK37y,1536202744238,1536209098558,16,4532748,4701395,2128,Fetid Devourer,False,Earrl
PphkwMFDnmRgK37y,1536202744238,1536209098558,16,4532748,4701395,2128,Fetid Devourer,False,Psychodruid
PphkwMFDnmRgK37y,1536202744238,1536209098558,16,4532748,4701395,2128,Fetid Devourer,False,Petrol
PphkwMFDnmRgK37y,1536202744238,1536209098558,16,4532748,4701395,2128,Fetid Devourer,False,Acturus
PphkwMFDnmRgK37y,1536202744238,1536209098558,16,4532748,4701395,2128,Fetid Devourer,False,Mythrose
PphkwMFDnmRgK37y,1536202744238,1536209098558,16,4532748,4701395,2128,Fetid Devourer,False,Draigo
PphkwMFDnmRgK37y,1536202744238,1536209098558,16,4532748,4701395,2128,Fetid Devourer,False,Jampers
PphkwMFDnmRgK37y,1536202744238,1536209098558,16,4532748,4701395,2128,Fetid Devourer,False,Brian
PphkwMFDnmRgK37y,1536202744238,1536209098558,16,4532748,4701395,2128,Fetid Devourer,False,Shadowbaine
PphkwMFDnmRgK37y,1536202744238,1536209098558,16,4532748,4701395,2128,Fetid Devourer,False,Cagliostro
PphkwMFDnmRgK37y,1536202744238,1536209098558,16,4532748,4701395,2128,Fetid Devourer,False,Velryssa
PphkwMFDnmRgK37y,1536202744238,1536209098558,16,4532748,4701395,2128,Fetid Devourer,False,Liavre
PphkwMFDnmRgK37y,1536202744238,1536209098558,16,4532748,4701395,2128,Fetid Devourer,False,Sumi
PphkwMFDnmRgK37y,1536202744238,1536209098558,16,4532748,4701395,2128,Fetid Devourer,False,Stradlock
PphkwMFDnmRgK37y,1536202744238,1536209098558,16,4532748,4701395,2128,Fetid Devourer,False,Katanescence
PphkwMFDnmRgK37y,1536202744238,1536209098558,16,4532748,4701395,2128,Fetid Devourer,False,Uuglei
PphkwMFDnmRgK37y,1536202744238,1536209098558,16,4532748,4701395,2128,Fetid Devourer,False,Toy
PphkwMFDnmRgK37y,1536202744238,1536209098558,17,4904627,5042853,2128,Fetid Devourer,False,Dough
PphkwMFDnmRgK37y,1536202744238,1536209098558,17,4904627,5042853,2128,Fetid Devourer,False,Metonymy
PphkwMFDnmRgK37y,1536202744238,1536209098558,17,4904627,5042853,2128,Fetid Devourer,False,Tawn
PphkwMFDnmRgK37y,1536202744238,1536209098558,17,4904627,5042853,2128,Fetid Devourer,False,Ayriea
PphkwMFDnmRgK37y,1536202744238,1536209098558,17,4904627,5042853,2128,Fetid Devourer,False,Illestra
PphkwMFDnmRgK37y,1536202744238,1536209098558,17,4904627,5042853,2128,Fetid Devourer,False,Vaelyra
PphkwMFDnmRgK37y,1536202744238,1536209098558,17,4904627,5042853,2128,Fetid Devourer,False,Earrl
PphkwMFDnmRgK37y,1536202744238,1536209098558,17,4904627,5042853,2128,Fetid Devourer,False,Psychodruid
PphkwMFDnmRgK37y,1536202744238,1536209098558,17,4904627,5042853,2128,Fetid Devourer,False,Petrol
PphkwMFDnmRgK37y,1536202744238,1536209098558,17,4904627,5042853,2128,Fetid Devourer,False,Acturus
PphkwMFDnmRgK37y,1536202744238,1536209098558,17,4904627,5042853,2128,Fetid Devourer,False,Mythrose
PphkwMFDnmRgK37y,1536202744238,1536209098558,17,4904627,5042853,2128,Fetid Devourer,False,Draigo
PphkwMFDnmRgK37y,1536202744238,1536209098558,17,4904627,5042853,2128,Fetid Devourer,False,Jampers
PphkwMFDnmRgK37y,1536202744238,1536209098558,17,4904627,5042853,2128,Fetid Devourer,False,Brian
PphkwMFDnmRgK37y,1536202744238,1536209098558,17,4904627,5042853,2128,Fetid Devourer,False,Shadowbaine
PphkwMFDnmRgK37y,1536202744238,1536209098558,17,4904627,5042853,2128,Fetid Devourer,False,Cagliostro
PphkwMFDnmRgK37y,1536202744238,1536209098558,17,4904627,5042853,2128,Fetid Devourer,False,Velryssa
PphkwMFDnmRgK37y,1536202744238,1536209098558,17,4904627,5042853,2128,Fetid Devourer,False,Liavre
PphkwMFDnmRgK37y,1536202744238,1536209098558,17,4904627,5042853,2128,Fetid Devourer,False,Stradlock
PphkwMFDnmRgK37y,1536202744238,1536209098558,17,4904627,5042853,2128,Fetid Devourer,False,Katanescence
PphkwMFDnmRgK37y,1536202744238,1536209098558,17,4904627,5042853,2128,Fetid Devourer,False,Uuglei
PphkwMFDnmRgK37y,1536202744238,1536209098558,17,4904627,5042853,2128,Fetid Devourer,False,Toy
PphkwMFDnmRgK37y,1536202744238,1536209098558,18,5215688,5509486,2128,Fetid Devourer,False,Dough
PphkwMFDnmRgK37y,1536202744238,1536209098558,18,5215688,5509486,2128,Fetid Devourer,False,Metonymy
PphkwMFDnmRgK37y,1536202744238,1536209098558,18,5215688,5509486,2128,Fetid Devourer,False,Tawn
PphkwMFDnmRgK37y,1536202744238,1536209098558,18,5215688,5509486,2128,Fetid Devourer,False,Ayriea
PphkwMFDnmRgK37y,1536202744238,1536209098558,18,5215688,5509486,2128,Fetid Devourer,False,Illestra
PphkwMFDnmRgK37y,1536202744238,1536209098558,18,5215688,5509486,2128,Fetid Devourer,False,Vaelyra
PphkwMFDnmRgK37y,1536202744238,1536209098558,18,5215688,5509486,2128,Fetid Devourer,False,Earrl
PphkwMFDnmRgK37y,1536202744238,1536209098558,18,5215688,5509486,2128,Fetid Devourer,False,Psychodruid
PphkwMFDnmRgK37y,1536202744238,1536209098558,18,5215688,5509486,2128,Fetid Devourer,False,Petrol
PphkwMFDnmRgK37y,1536202744238,1536209098558,18,5215688,5509486,2128,Fetid Devourer,False,Acturus
PphkwMFDnmRgK37y,1536202744238,1536209098558,18,5215688,5509486,2128,Fetid Devourer,False,Mythrose
PphkwMFDnmRgK37y,1536202744238,1536209098558,18,5215688,5509486,2128,Fetid Devourer,False,Draigo
PphkwMFDnmRgK37y,1536202744238,1536209098558,18,5215688,5509486,2128,Fetid Devourer,False,Jampers
PphkwMFDnmRgK37y,1536202744238,1536209098558,18,5215688,5509486,2128,Fetid Devourer,False,Brian
PphkwMFDnmRgK37y,1536202744238,1536209098558,18,5215688,5509486,2128,Fetid Devourer,False,Shadowbaine
PphkwMFDnmRgK37y,1536202744238,1536209098558,18,5215688,5509486,2128,Fetid Devourer,False,Cagliostro
PphkwMFDnmRgK37y,1536202744238,1536209098558,18,5215688,5509486,2128,Fetid Devourer,False,Velryssa
PphkwMFDnmRgK37y,1536202744238,1536209098558,18,5215688,5509486,2128,Fetid Devourer,False,Liavre
PphkwMFDnmRgK37y,1536202744238,1536209098558,18,5215688,5509486,2128,Fetid Devourer,False,Sumi
PphkwMFDnmRgK37y,1536202744238,1536209098558,18,5215688,5509486,2128,Fetid Devourer,False,Stradlock
PphkwMFDnmRgK37y,1536202744238,1536209098558,18,5215688,5509486,2128,Fetid Devourer,False,Katanescence
PphkwMFDnmRgK37y,1536202744238,1536209098558,18,5215688,5509486,2128,Fetid Devourer,False,Uuglei
PphkwMFDnmRgK37y,1536202744238,1536209098558,18,5215688,5509486,2128,Fetid Devourer,False,Toy
PphkwMFDnmRgK37y,1536202744238,1536209098558,19,5636077,5818569,2128,Fetid Devourer,False,Dough
PphkwMFDnmRgK37y,1536202744238,1536209098558,19,5636077,5818569,2128,Fetid Devourer,False,Metonymy
PphkwMFDnmRgK37y,1536202744238,1536209098558,19,5636077,5818569,2128,Fetid Devourer,False,Tawn
PphkwMFDnmRgK37y,1536202744238,1536209098558,19,5636077,5818569,2128,Fetid Devourer,False,Ayriea
PphkwMFDnmRgK37y,1536202744238,1536209098558,19,5636077,5818569,2128,Fetid Devourer,False,Illestra
PphkwMFDnmRgK37y,1536202744238,1536209098558,19,5636077,5818569,2128,Fetid Devourer,False,Vaelyra
PphkwMFDnmRgK37y,1536202744238,1536209098558,19,5636077,5818569,2128,Fetid Devourer,False,Earrl
PphkwMFDnmRgK37y,1536202744238,1536209098558,19,5636077,5818569,2128,Fetid Devourer,False,Psychodruid
PphkwMFDnmRgK37y,1536202744238,1536209098558,19,5636077,5818569,2128,Fetid Devourer,False,Petrol
PphkwMFDnmRgK37y,1536202744238,1536209098558,19,5636077,5818569,2128,Fetid Devourer,False,Acturus
PphkwMFDnmRgK37y,1536202744238,1536209098558,19,5636077,5818569,2128,Fetid Devourer,False,Mythrose
PphkwMFDnmRgK37y,1536202744238,1536209098558,19,5636077,5818569,2128,Fetid Devourer,False,Draigo
PphkwMFDnmRgK37y,1536202744238,1536209098558,19,5636077,5818569,2128,Fetid Devourer,False,Jampers
PphkwMFDnmRgK37y,1536202744238,1536209098558,19,5636077,5818569,2128,Fetid Devourer,False,Brian
PphkwMFDnmRgK37y,1536202744238,1536209098558,19,5636077,5818569,2128,Fetid Devourer,False,Shadowbaine
PphkwMFDnmRgK37y,1536202744238,1536209098558,19,5636077,5818569,2128,Fetid Devourer,False,Cagliostro
PphkwMFDnmRgK37y,1536202744238,1536209098558,19,5636077,5818569,2128,Fetid Devourer,False,Velryssa
PphkwMFDnmRgK37y,1536202744238,1536209098558,19,5636077,5818569,2128,Fetid Devourer,False,Liavre
PphkwMFDnmRgK37y,1536202744238,1536209098558,19,5636077,5818569,2128,Fetid Devourer,False,Sumi
PphkwMFDnmRgK37y,1536202744238,1536209098558,19,5636077,5818569,2128,Fetid Devourer,False,Stradlock
PphkwMFDnmRgK37y,1536202744238,1536209098558,19,5636077,5818569,2128,Fetid Devourer,False,Katanescence
PphkwMFDnmRgK37y,1536202744238,1536209098558,19,5636077,5818569,2128,Fetid Devourer,False,Uuglei
PphkwMFDnmRgK37y,1536202744238,1536209098558,19,5636077,5818569,2128,Fetid Devourer,False,Toy
PphkwMFDnmRgK37y,1536202744238,1536209098558,20,5989209,6198286,2128,Fetid Devourer,True,Dough
PphkwMFDnmRgK37y,1536202744238,1536209098558,20,5989209,6198286,2128,Fetid Devourer,True,Metonymy
PphkwMFDnmRgK37y,1536202744238,1536209098558,20,5989209,6198286,2128,Fetid Devourer,True,Tawn
PphkwMFDnmRgK37y,1536202744238,1536209098558,20,5989209,6198286,2128,Fetid Devourer,True,Ayriea
PphkwMFDnmRgK37y,1536202744238,1536209098558,20,5989209,6198286,2128,Fetid Devourer,True,Illestra
PphkwMFDnmRgK37y,1536202744238,1536209098558,20,5989209,6198286,2128,Fetid Devourer,True,Vaelyra
PphkwMFDnmRgK37y,1536202744238,1536209098558,20,5989209,6198286,2128,Fetid Devourer,True,Earrl
PphkwMFDnmRgK37y,1536202744238,1536209098558,20,5989209,6198286,2128,Fetid Devourer,True,Psychodruid
PphkwMFDnmRgK37y,1536202744238,1536209098558,20,5989209,6198286,2128,Fetid Devourer,True,Petrol
PphkwMFDnmRgK37y,1536202744238,1536209098558,20,5989209,6198286,2128,Fetid Devourer,True,Acturus
PphkwMFDnmRgK37y,1536202744238,1536209098558,20,5989209,6198286,2128,Fetid Devourer,True,Mythrose
PphkwMFDnmRgK37y,1536202744238,1536209098558,20,5989209,6198286,2128,Fetid Devourer,True,Draigo
PphkwMFDnmRgK37y,1536202744238,1536209098558,20,5989209,6198286,2128,Fetid Devourer,True,Jampers
PphkwMFDnmRgK37y,1536202744238,1536209098558,20,5989209,6198286,2128,Fetid Devourer,True,Brian
PphkwMFDnmRgK37y,1536202744238,1536209098558,20,5989209,6198286,2128,Fetid Devourer,True,Shadowbaine
PphkwMFDnmRgK37y,1536202744238,1536209098558,20,5989209,6198286,2128,Fetid Devourer,True,Cagliostro
PphkwMFDnmRgK37y,1536202744238,1536209098558,20,5989209,6198286,2128,Fetid Devourer,True,Velryssa
PphkwMFDnmRgK37y,1536202744238,1536209098558,20,5989209,6198286,2128,Fetid Devourer,True,Liavre
PphkwMFDnmRgK37y,1536202744238,1536209098558,20,5989209,6198286,2128,Fetid Devourer,True,Sumi
PphkwMFDnmRgK37y,1536202744238,1536209098558,20,5989209,6198286,2128,Fetid Devourer,True,Stradlock
PphkwMFDnmRgK37y,1536202744238,1536209098558,20,5989209,6198286,2128,Fetid Devourer,True,Katanescence
PphkwMFDnmRgK37y,1536202744238,1536209098558,20,5989209,6198286,2128,Fetid Devourer,True,Uuglei
PphkwMFDnmRgK37y,1536202744238,1536209098558,20,5989209,6198286,2128,Fetid Devourer,True,Toy
